0,1,2,3,4,5,6,7,8,9,10,11,12,13,14,15,16,17,18,19,20,21,22,23,24,25,26,27,28,29,30,31,32,33,34,35,36,37,38,39,40,41,42,43,44,45,46,47,48,49,50,51,52,53,54,55,56,57,58,59,60,61,62,63,64,65,66,67,68,69,70,71,72,73,74,75,76,77,78,79,80,81,82,83,84,85,86,87,88,89,90,91,92,93,94,95,96,97,98,99,100,101,102,103,104,105,106,107,108,109,110,111,112,113,114,115,116,117,118,119,120,121,122,123,124,125,prediction
0.0,0.0,0.0,0.0,0.0,0.0,0.0,0.0,0.0,0.0,0.0,0.0,0.0,0.0,0.0,0.0,0.0,0.0,0.0,0.0,0.0,0.0,0.0,0.0,0.0,0.0,0.0,0.0,0.0,0.0,0.0,0.0,0.0,0.0,0.0,0.0,0.0,0.0,0.0,0.0,0.0,0.0,0.0,0.0,0.0,0.0,0.0,0.0,0.0,0.0,0.0,0.0,0.0,0.0,0.0,0.0,0.0,0.0,0.0,0.0,0.0,0.0,0.0,0.840129554271698,0.7681056261062622,3.7680672448914265e-07,0.7914271354675293,0.7434793710708618,-0.021763881668448448,0.7509965896606445,0.707285463809967,-0.04046308994293213,0.7302964925765991,0.6688299775123596,-0.058187711983919144,0.7491828799247742,0.6423283219337463,-0.07623570412397385,0.7853105664253235,0.6015254259109497,-0.028709208592772484,0.7821025848388672,0.524580717086792,-0.05172106251120567,0.7828786969184875,0.4788840413093567,-0.0704379752278328,0.7864359021186829,0.4381124973297119,-0.08345773816108704,0.8163007497787476,0.5968154668807983,-0.03307406231760979,0.8142310380935669,0.5138170719146729,-0.05168570205569267,0.8141486644744873,0.4623028635978699,-0.06466066092252731,0.8151822090148926,0.4176417589187622,-0.07382720708847046,0.8472869992256165,0.6062658429145813,-0.04019327834248543,0.8479248285293579,0.5285477042198181,-0.056324154138565063,0.8490778207778931,0.48061925172805786,-0.06227557733654976,0.8513381481170654,0.4403088688850403,-0.06594163924455643,0.8775419592857361,0.6282756328582764,-0.04976895824074745,0.8808655738830566,0.5667833685874939,-0.06155949458479881,0.8824084401130676,0.5282557010650635,-0.0628589317202568,0.8839653730392456,0.493600457906723,-0.06325234472751617,B
0.0,0.0,0.0,0.0,0.0,0.0,0.0,0.0,0.0,0.0,0.0,0.0,0.0,0.0,0.0,0.0,0.0,0.0,0.0,0.0,0.0,0.0,0.0,0.0,0.0,0.0,0.0,0.0,0.0,0.0,0.0,0.0,0.0,0.0,0.0,0.0,0.0,0.0,0.0,0.0,0.0,0.0,0.0,0.0,0.0,0.0,0.0,0.0,0.0,0.0,0.0,0.0,0.0,0.0,0.0,0.0,0.0,0.0,0.0,0.0,0.0,0.0,0.0,0.8339881300926208,0.7308273315429688,5.291115030559013e-07,0.7753733992576599,0.7063539624214172,-0.018297269940376282,0.7334839105606079,0.6605978012084961,-0.03236265107989311,0.7180888056755066,0.6129170656204224,-0.04597782343626022,0.7440839409828186,0.5948469638824463,-0.05880375951528549,0.7733660936355591,0.54422926902771,-0.012897921726107597,0.77008455991745,0.4665371775627136,-0.028556179255247116,0.7680115699768066,0.4185924530029297,-0.04381445422768593,0.7675904631614685,0.37720656394958496,-0.05506109446287155,0.8028203248977661,0.5370813012123108,-0.016738170757889748,0.7972663044929504,0.4541115462779999,-0.028040174394845963,0.795418918132782,0.4013216495513916,-0.038235556334257126,0.7945484519004822,0.35720738768577576,-0.04525170475244522,0.8333007097244263,0.5423133373260498,-0.02369317226111889,0.8263853788375854,0.46379154920578003,-0.033759456127882004,0.8239634037017822,0.4143044352531433,-0.0399177260696888,0.8224520683288574,0.3726857900619507,-0.04379816725850105,0.8652773499488831,0.5610225796699524,-0.03308849036693573,0.8614583015441895,0.4945529103279114,-0.04106912016868591,0.8586757183074951,0.45307356119155884,-0.042429469525814056,0.8562079668045044,0.4150197505950928,-0.04248789697885513,B
0.0,0.0,0.0,0.0,0.0,0.0,0.0,0.0,0.0,0.0,0.0,0.0,0.0,0.0,0.0,0.0,0.0,0.0,0.0,0.0,0.0,0.0,0.0,0.0,0.0,0.0,0.0,0.0,0.0,0.0,0.0,0.0,0.0,0.0,0.0,0.0,0.0,0.0,0.0,0.0,0.0,0.0,0.0,0.0,0.0,0.0,0.0,0.0,0.0,0.0,0.0,0.0,0.0,0.0,0.0,0.0,0.0,0.0,0.0,0.0,0.0,0.0,0.0,0.829296886920929,0.7168697118759155,4.34224403988992e-07,0.7701154351234436,0.6985845565795898,-0.018076486885547638,0.7250826954841614,0.6539201736450195,-0.03106537275016308,0.7068195939064026,0.6051561832427979,-0.04367254674434662,0.7306535840034485,0.587365984916687,-0.055900756269693375,0.7596163153648376,0.5328819155693054,-0.012257622554898262,0.754610538482666,0.4531232416629791,-0.02806156314909458,0.753507137298584,0.40505585074424744,-0.043177638202905655,0.7542058229446411,0.36419224739074707,-0.0545385368168354,0.7901973724365234,0.5251624584197998,-0.0164653193205595,0.7830029726028442,0.4368588924407959,-0.028735164552927017,0.7785818576812744,0.3826890289783478,-0.03980731964111328,0.7747354507446289,0.33572834730148315,-0.04799351468682289,0.8209989070892334,0.5309758186340332,-0.023948311805725098,0.8143507838249207,0.44876477122306824,-0.03477697819471359,0.809585452079773,0.3986694812774658,-0.041459180414676666,0.8054890632629395,0.3549046516418457,-0.046355072408914566,0.8539430499076843,0.5488976836204529,-0.033959414809942245,0.8497806787490845,0.48256081342697144,-0.042886149138212204,0.8453924655914307,0.4402666687965393,-0.04533926025032997,0.8411648869514465,0.399271160364151,-0.04691978543996811,B
0.0,0.0,0.0,0.0,0.0,0.0,0.0,0.0,0.0,0.0,0.0,0.0,0.0,0.0,0.0,0.0,0.0,0.0,0.0,0.0,0.0,0.0,0.0,0.0,0.0,0.0,0.0,0.0,0.0,0.0,0.0,0.0,0.0,0.0,0.0,0.0,0.0,0.0,0.0,0.0,0.0,0.0,0.0,0.0,0.0,0.0,0.0,0.0,0.0,0.0,0.0,0.0,0.0,0.0,0.0,0.0,0.0,0.0,0.0,0.0,0.0,0.0,0.0,0.8221383094787598,0.7134131193161011,3.9189723111121566e-07,0.7661840915679932,0.6938848495483398,-0.016063081100583076,0.7223290801048279,0.6492733359336853,-0.027903158217668533,0.7057157754898071,0.5989999175071716,-0.03993797302246094,0.7279418110847473,0.579590380191803,-0.051893554627895355,0.7548177242279053,0.5266351103782654,-0.009497000835835934,0.7493348121643066,0.4478241503238678,-0.023971624672412872,0.7486971616744995,0.4010932147502899,-0.03820264711976051,0.7502837181091309,0.36087262630462646,-0.04917898029088974,0.7860059142112732,0.5171274542808533,-0.015080887824296951,0.7784392833709717,0.42862826585769653,-0.025944899767637253,0.7746719121932983,0.37566623091697693,-0.03615451231598854,0.7717986106872559,0.3312053084373474,-0.0440768226981163,0.8170232176780701,0.522369921207428,-0.023896759375929832,0.8101850748062134,0.4388275146484375,-0.03366975113749504,0.8061468601226807,0.3893410563468933,-0.03990788385272026,0.8024452924728394,0.3476695418357849,-0.04488147050142288,0.849544882774353,0.5409319996833801,-0.03515511751174927,0.8438712358474731,0.4744178354740143,-0.04323464632034302,0.8394306898117065,0.43277329206466675,-0.0453958585858345,0.8347423076629639,0.39436525106430054,-0.04712727293372154,B
0.0,0.0,0.0,0.0,0.0,0.0,0.0,0.0,0.0,0.0,0.0,0.0,0.0,0.0,0.0,0.0,0.0,0.0,0.0,0.0,0.0,0.0,0.0,0.0,0.0,0.0,0.0,0.0,0.0,0.0,0.0,0.0,0.0,0.0,0.0,0.0,0.0,0.0,0.0,0.0,0.0,0.0,0.0,0.0,0.0,0.0,0.0,0.0,0.0,0.0,0.0,0.0,0.0,0.0,0.0,0.0,0.0,0.0,0.0,0.0,0.0,0.0,0.0,0.8222581744194031,0.6942816972732544,4.1313498400086246e-07,0.7659307718276978,0.6755827069282532,-0.019391322508454323,0.7231844067573547,0.631848931312561,-0.03299963101744652,0.7059707045555115,0.5836609601974487,-0.046247366815805435,0.725358784198761,0.5623540878295898,-0.059057287871837616,0.7543840408325195,0.5128416419029236,-0.013575280085206032,0.7480775117874146,0.43326622247695923,-0.02979215420782566,0.7465596199035645,0.3851391673088074,-0.044615793973207474,0.7476886510848999,0.34415704011917114,-0.055547259747982025,0.7847844362258911,0.5023517608642578,-0.017091890797019005,0.7772093415260315,0.41335663199424744,-0.029170209541916847,0.7727954387664795,0.3603014349937439,-0.03948134556412697,0.7697598338127136,0.3154555857181549,-0.04720216989517212,0.8152565360069275,0.5057874917984009,-0.02401646040380001,0.8072617053985596,0.4229769706726074,-0.034495141357183456,0.8028206825256348,0.3731434941291809,-0.040747806429862976,0.7994475960731506,0.33099666237831116,-0.045567020773887634,0.8472875356674194,0.5222312211990356,-0.0336579792201519,0.8422371745109558,0.45703113079071045,-0.04200645163655281,0.8371816873550415,0.4155946969985962,-0.044152431190013885,0.8319143056869507,0.37721168994903564,-0.045712146908044815,B
0.0,0.0,0.0,0.0,0.0,0.0,0.0,0.0,0.0,0.0,0.0,0.0,0.0,0.0,0.0,0.0,0.0,0.0,0.0,0.0,0.0,0.0,0.0,0.0,0.0,0.0,0.0,0.0,0.0,0.0,0.0,0.0,0.0,0.0,0.0,0.0,0.0,0.0,0.0,0.0,0.0,0.0,0.0,0.0,0.0,0.0,0.0,0.0,0.0,0.0,0.0,0.0,0.0,0.0,0.0,0.0,0.0,0.0,0.0,0.0,0.0,0.0,0.0,0.8127013444900513,0.7032244801521301,3.8912125432943867e-07,0.7561312913894653,0.6854037642478943,-0.016711948439478874,0.7116720080375671,0.6423116326332092,-0.028559822589159012,0.6938694715499878,0.5965036749839783,-0.04049443453550339,0.7127472162246704,0.5766388773918152,-0.05231596902012825,0.7452287673950195,0.5194151401519775,-0.011247634887695312,0.7395395636558533,0.4391838312149048,-0.027774065732955933,0.7394841313362122,0.39061933755874634,-0.04295331984758377,0.7417013645172119,0.3496866524219513,-0.054185375571250916,0.7760329842567444,0.5094242095947266,-0.016873568296432495,0.7687979340553284,0.4193905293941498,-0.029583727940917015,0.7662153840065002,0.36562392115592957,-0.0406574048101902,0.7647479772567749,0.32049864530563354,-0.04885488376021385,0.8069275617599487,0.5134847164154053,-0.02583497390151024,0.7991999983787537,0.4315555989742279,-0.036903828382492065,0.7960896492004395,0.3814558982849121,-0.043577905744314194,0.7936699390411377,0.33924174308776855,-0.04852069914340973,0.8391256928443909,0.5306077003479004,-0.0373254120349884,0.833949863910675,0.4639326333999634,-0.04572727158665657,0.8299704194068909,0.422567754983902,-0.04785626009106636,0.8255886435508728,0.38454651832580566,-0.04948431998491287,B
0.0,0.0,0.0,0.0,0.0,0.0,0.0,0.0,0.0,0.0,0.0,0.0,0.0,0.0,0.0,0.0,0.0,0.0,0.0,0.0,0.0,0.0,0.0,0.0,0.0,0.0,0.0,0.0,0.0,0.0,0.0,0.0,0.0,0.0,0.0,0.0,0.0,0.0,0.0,0.0,0.0,0.0,0.0,0.0,0.0,0.0,0.0,0.0,0.0,0.0,0.0,0.0,0.0,0.0,0.0,0.0,0.0,0.0,0.0,0.0,0.0,0.0,0.0,0.8079585433006287,0.7079206109046936,3.944027469060529e-07,0.7516961693763733,0.6943700313568115,-0.01790432073175907,0.7038570046424866,0.6496001482009888,-0.030324481427669525,0.6827563047409058,0.5995206832885742,-0.042597297579050064,0.7031757831573486,0.5828651189804077,-0.054488781839609146,0.7329964637756348,0.523692786693573,-0.011412225663661957,0.7269970178604126,0.4433266818523407,-0.026801129803061485,0.7271451354026794,0.39608651399612427,-0.0414702445268631,0.7294790148735046,0.3555997610092163,-0.052774567157030106,0.762566328048706,0.5138791799545288,-0.01620924286544323,0.754197359085083,0.4237537086009979,-0.027757834643125534,0.7518913745880127,0.3706972599029541,-0.03784986212849617,0.750579833984375,0.3260146975517273,-0.04558807238936424,0.7928163409233093,0.5184852480888367,-0.024474481120705605,0.7843472361564636,0.436029314994812,-0.03427961468696594,0.7808563709259033,0.3860509991645813,-0.04050721973180771,0.7783673405647278,0.34347760677337646,-0.04554866999387741,0.8248669505119324,0.5360420942306519,-0.035483941435813904,0.8179893493652344,0.468991219997406,-0.04326562210917473,0.8136144876480103,0.42744916677474976,-0.04574472829699516,0.8096612691879272,0.3887760043144226,-0.04789554700255394,B
0.0,0.0,0.0,0.0,0.0,0.0,0.0,0.0,0.0,0.0,0.0,0.0,0.0,0.0,0.0,0.0,0.0,0.0,0.0,0.0,0.0,0.0,0.0,0.0,0.0,0.0,0.0,0.0,0.0,0.0,0.0,0.0,0.0,0.0,0.0,0.0,0.0,0.0,0.0,0.0,0.0,0.0,0.0,0.0,0.0,0.0,0.0,0.0,0.0,0.0,0.0,0.0,0.0,0.0,0.0,0.0,0.0,0.0,0.0,0.0,0.0,0.0,0.0,0.8093140125274658,0.7105453610420227,3.8350609088411147e-07,0.7535269856452942,0.6926611661911011,-0.01630024053156376,0.7069247961044312,0.6488509178161621,-0.028722278773784637,0.6873039603233337,0.6013699173927307,-0.04142403230071068,0.70741868019104,0.5851650238037109,-0.054133132100105286,0.7310611009597778,0.5277436375617981,-0.011109485290944576,0.723609983921051,0.4487774074077606,-0.0265743900090456,0.722181499004364,0.40116292238235474,-0.04090779274702072,0.7232657074928284,0.3603544533252716,-0.05194544419646263,0.762046754360199,0.5165356397628784,-0.017032070085406303,0.7530673742294312,0.42747700214385986,-0.028772246092557907,0.7500153183937073,0.3746016025543213,-0.038365788757801056,0.7484287023544312,0.3300647735595703,-0.045709189027547836,0.7934980988502502,0.520282506942749,-0.02626715414226055,0.783815860748291,0.43489983677864075,-0.0365922749042511,0.7789688110351562,0.3846169412136078,-0.04227955639362335,0.775606632232666,0.34283649921417236,-0.04678521677851677,0.826305091381073,0.5372928380966187,-0.03803400695323944,0.8197783827781677,0.4706806242465973,-0.04609822481870651,0.8144294619560242,0.42735952138900757,-0.04820437356829643,0.809280276298523,0.38841038942337036,-0.050044503062963486,B
0.0,0.0,0.0,0.0,0.0,0.0,0.0,0.0,0.0,0.0,0.0,0.0,0.0,0.0,0.0,0.0,0.0,0.0,0.0,0.0,0.0,0.0,0.0,0.0,0.0,0.0,0.0,0.0,0.0,0.0,0.0,0.0,0.0,0.0,0.0,0.0,0.0,0.0,0.0,0.0,0.0,0.0,0.0,0.0,0.0,0.0,0.0,0.0,0.0,0.0,0.0,0.0,0.0,0.0,0.0,0.0,0.0,0.0,0.0,0.0,0.0,0.0,0.0,0.8135014772415161,0.7125580906867981,3.9885037494968856e-07,0.7582131624221802,0.6943910121917725,-0.017702937126159668,0.7126430869102478,0.6517401933670044,-0.031224509701132774,0.6939387917518616,0.6043557524681091,-0.04480995982885361,0.7139424085617065,0.5844644904136658,-0.05829023942351341,0.7377310991287231,0.5298736095428467,-0.012929211370646954,0.7308104634284973,0.4493570327758789,-0.0290459506213665,0.7302610278129578,0.4016878306865692,-0.04390852525830269,0.7321491241455078,0.36012935638427734,-0.055084504187107086,0.7687445878982544,0.5183387994766235,-0.01804354414343834,0.7603346109390259,0.42844367027282715,-0.029802145436406136,0.7575002908706665,0.37536489963531494,-0.03925907239317894,0.7562482953071594,0.33114439249038696,-0.046543143689632416,0.800167441368103,0.5217381119728088,-0.026540206745266914,0.7908223271369934,0.4372386038303375,-0.03618331998586655,0.7857649922370911,0.3877403736114502,-0.04105517268180847,0.7821511030197144,0.3466830849647522,-0.04508129507303238,0.8331460356712341,0.538197934627533,-0.03779851272702217,0.8265929818153381,0.4711616635322571,-0.045022983103990555,0.8208514451980591,0.42836642265319824,-0.046352896839380264,0.8151478171348572,0.39019060134887695,-0.047593630850315094,B
0.0,0.0,0.0,0.0,0.0,0.0,0.0,0.0,0.0,0.0,0.0,0.0,0.0,0.0,0.0,0.0,0.0,0.0,0.0,0.0,0.0,0.0,0.0,0.0,0.0,0.0,0.0,0.0,0.0,0.0,0.0,0.0,0.0,0.0,0.0,0.0,0.0,0.0,0.0,0.0,0.0,0.0,0.0,0.0,0.0,0.0,0.0,0.0,0.0,0.0,0.0,0.0,0.0,0.0,0.0,0.0,0.0,0.0,0.0,0.0,0.0,0.0,0.0,0.8125054836273193,0.7138307690620422,3.9181983879643667e-07,0.7568925023078918,0.6988712549209595,-0.01779160648584366,0.7100450992584229,0.6526203155517578,-0.0302630253136158,0.6884587407112122,0.6008439660072327,-0.04263891279697418,0.7081552147865295,0.5854235887527466,-0.05485038086771965,0.7360388040542603,0.528698742389679,-0.01100887730717659,0.7282631993293762,0.4487797021865845,-0.02659529820084572,0.7267739772796631,0.4016246199607849,-0.04124189540743828,0.728206992149353,0.360847145318985,-0.052791062742471695,0.7658653855323792,0.5195242166519165,-0.01637568324804306,0.7558321952819824,0.4309636354446411,-0.02865907922387123,0.7531713843345642,0.37844496965408325,-0.03906938433647156,0.7515530586242676,0.33306610584259033,-0.04700718820095062,0.7964161038398743,0.5250426530838013,-0.025267325341701508,0.7857964038848877,0.44209790229797363,-0.03653055801987648,0.7822755575180054,0.39213865995407104,-0.04307122901082039,0.7797574400901794,0.3487289547920227,-0.04807715117931366,0.8293269872665405,0.542673647403717,-0.03681860864162445,0.8208832144737244,0.4764727056026459,-0.045678988099098206,0.8165070414543152,0.43442076444625854,-0.04849858954548836,0.8128800392150879,0.39498063921928406,-0.05089894309639931,B
0.0,0.0,0.0,0.0,0.0,0.0,0.0,0.0,0.0,0.0,0.0,0.0,0.0,0.0,0.0,0.0,0.0,0.0,0.0,0.0,0.0,0.0,0.0,0.0,0.0,0.0,0.0,0.0,0.0,0.0,0.0,0.0,0.0,0.0,0.0,0.0,0.0,0.0,0.0,0.0,0.0,0.0,0.0,0.0,0.0,0.0,0.0,0.0,0.0,0.0,0.0,0.0,0.0,0.0,0.0,0.0,0.0,0.0,0.0,0.0,0.0,0.0,0.0,0.8070877194404602,0.7104900479316711,3.855075192404911e-07,0.7506846189498901,0.6954773664474487,-0.01734342984855175,0.7049015760421753,0.6520453095436096,-0.029504666104912758,0.6847342848777771,0.603566586971283,-0.041668783873319626,0.7044132947921753,0.57884681224823,-0.05360047519207001,0.7332348227500916,0.5289714336395264,-0.011106490157544613,0.7251944541931152,0.44968581199645996,-0.02709738351404667,0.7227798700332642,0.4020633399486542,-0.041722167283296585,0.7232257127761841,0.3611794710159302,-0.05274432897567749,0.7619710564613342,0.5193583369255066,-0.016215821728110313,0.7518767714500427,0.4306950569152832,-0.028776057064533234,0.7479115128517151,0.3781454861164093,-0.03903982415795326,0.7453482151031494,0.3331604599952698,-0.04664657637476921,0.7912339568138123,0.5237692594528198,-0.02481723204255104,0.7812145948410034,0.4406318962574005,-0.03588606044650078,0.7767388820648193,0.390627384185791,-0.04190865904092789,0.773579478263855,0.34763866662979126,-0.046484947204589844,0.8227952122688293,0.5405020713806152,-0.036042600870132446,0.8154289126396179,0.47444459795951843,-0.04469688609242439,0.8105306625366211,0.4326242506504059,-0.04708901792764664,0.8061206936836243,0.39383530616760254,-0.04899320378899574,B
0.0,0.0,0.0,0.0,0.0,0.0,0.0,0.0,0.0,0.0,0.0,0.0,0.0,0.0,0.0,0.0,0.0,0.0,0.0,0.0,0.0,0.0,0.0,0.0,0.0,0.0,0.0,0.0,0.0,0.0,0.0,0.0,0.0,0.0,0.0,0.0,0.0,0.0,0.0,0.0,0.0,0.0,0.0,0.0,0.0,0.0,0.0,0.0,0.0,0.0,0.0,0.0,0.0,0.0,0.0,0.0,0.0,0.0,0.0,0.0,0.0,0.0,0.0,0.8058927655220032,0.7106927633285522,3.886654837970127e-07,0.7507809400558472,0.6941946148872375,-0.017252465710043907,0.7057405710220337,0.6529991626739502,-0.030321408063173294,0.6862232089042664,0.6062800288200378,-0.043307848274707794,0.7055891752243042,0.5806684494018555,-0.05603356286883354,0.731372058391571,0.5276765823364258,-0.012756931595504284,0.723839521408081,0.4488842487335205,-0.028643276542425156,0.7222801446914673,0.40143877267837524,-0.043183453381061554,0.7233837842941284,0.36043858528137207,-0.05407436192035675,0.7617418169975281,0.5176404714584351,-0.01787513494491577,0.7525618672370911,0.4290757179260254,-0.02994721196591854,0.7487577795982361,0.37652790546417236,-0.039872292429208755,0.7462319135665894,0.3320733308792114,-0.04734176769852638,0.7924313545227051,0.521752119064331,-0.026257535442709923,0.7830950617790222,0.43798065185546875,-0.03671879693865776,0.7778141498565674,0.38849157094955444,-0.042359378188848495,0.7736867070198059,0.3466341495513916,-0.046702850610017776,0.8243938684463501,0.538593053817749,-0.037192828953266144,0.817690372467041,0.4715738892555237,-0.04550184682011604,0.8125692009925842,0.42908775806427,-0.04768049344420433,0.8076258301734924,0.3900473117828369,-0.049300480633974075,B
0.0,0.0,0.0,0.0,0.0,0.0,0.0,0.0,0.0,0.0,0.0,0.0,0.0,0.0,0.0,0.0,0.0,0.0,0.0,0.0,0.0,0.0,0.0,0.0,0.0,0.0,0.0,0.0,0.0,0.0,0.0,0.0,0.0,0.0,0.0,0.0,0.0,0.0,0.0,0.0,0.0,0.0,0.0,0.0,0.0,0.0,0.0,0.0,0.0,0.0,0.0,0.0,0.0,0.0,0.0,0.0,0.0,0.0,0.0,0.0,0.0,0.0,0.0,0.8053734302520752,0.7114472985267639,3.869520526222914e-07,0.7517014741897583,0.694301187992096,-0.017278151586651802,0.7067713737487793,0.6513946056365967,-0.030538901686668396,0.6872978210449219,0.6039795875549316,-0.04374082386493683,0.706069827079773,0.5807519555091858,-0.056648965924978256,0.7318497896194458,0.5268737077713013,-0.012997332960367203,0.7244179248809814,0.4476735293865204,-0.028950674459338188,0.7231135964393616,0.4006910026073456,-0.04334916174411774,0.7247097492218018,0.36028802394866943,-0.05427096039056778,0.7622519135475159,0.5170349478721619,-0.018345998600125313,0.753216028213501,0.42827191948890686,-0.030607981607317924,0.7498255968093872,0.37600183486938477,-0.040570154786109924,0.7477754354476929,0.33139175176620483,-0.048069778829813004,0.7931922674179077,0.5216572880744934,-0.02695596031844616,0.7835716605186462,0.437128484249115,-0.037781618535518646,0.7787556052207947,0.3872116804122925,-0.04356401786208153,0.7751769423484802,0.34492045640945435,-0.048050399869680405,0.8255459070205688,0.539311945438385,-0.03809524327516556,0.8189811110496521,0.4730958044528961,-0.046815041452646255,0.8141970038414001,0.43005654215812683,-0.049209535121917725,0.809563398361206,0.39063823223114014,-0.0510258711874485,B
0.0,0.0,0.0,0.0,0.0,0.0,0.0,0.0,0.0,0.0,0.0,0.0,0.0,0.0,0.0,0.0,0.0,0.0,0.0,0.0,0.0,0.0,0.0,0.0,0.0,0.0,0.0,0.0,0.0,0.0,0.0,0.0,0.0,0.0,0.0,0.0,0.0,0.0,0.0,0.0,0.0,0.0,0.0,0.0,0.0,0.0,0.0,0.0,0.0,0.0,0.0,0.0,0.0,0.0,0.0,0.0,0.0,0.0,0.0,0.0,0.0,0.0,0.0,0.8065627217292786,0.7097117900848389,3.8408339264606184e-07,0.7512781023979187,0.6932712197303772,-0.018486125394701958,0.7062897682189941,0.6513580083847046,-0.03228477016091347,0.6856244802474976,0.6045275926589966,-0.045911069959402084,0.7044340968132019,0.5795879364013672,-0.05909813567996025,0.732290506362915,0.5268527269363403,-0.012989602982997894,0.7248275279998779,0.4475943446159363,-0.029777666553854942,0.7231264710426331,0.40005695819854736,-0.044945161789655685,0.7244054675102234,0.35898417234420776,-0.05638306215405464,0.7622961401939392,0.5166877508163452,-0.017948420718312263,0.7526082992553711,0.42856162786483765,-0.0308707095682621,0.7490970492362976,0.37596797943115234,-0.041514091193675995,0.7467275261878967,0.3304364085197449,-0.04950466379523277,0.7927988767623901,0.5211443305015564,-0.026423268020153046,0.7829045057296753,0.4383121728897095,-0.037938691675662994,0.7784045934677124,0.3879896402359009,-0.04425887390971184,0.7748174667358398,0.34453994035720825,-0.04909780994057655,0.8249872922897339,0.5386962890625,-0.03756102919578552,0.8183403015136719,0.4736519455909729,-0.04696039482951164,0.813481867313385,0.4313225746154785,-0.04980504885315895,0.8086246252059937,0.3917783200740814,-0.05192847549915314,B
0.0,0.0,0.0,0.0,0.0,0.0,0.0,0.0,0.0,0.0,0.0,0.0,0.0,0.0,0.0,0.0,0.0,0.0,0.0,0.0,0.0,0.0,0.0,0.0,0.0,0.0,0.0,0.0,0.0,0.0,0.0,0.0,0.0,0.0,0.0,0.0,0.0,0.0,0.0,0.0,0.0,0.0,0.0,0.0,0.0,0.0,0.0,0.0,0.0,0.0,0.0,0.0,0.0,0.0,0.0,0.0,0.0,0.0,0.0,0.0,0.0,0.0,0.0,0.8063857555389404,0.7094930410385132,3.9360736536764307e-07,0.7508230805397034,0.6916717290878296,-0.018664658069610596,0.7063211798667908,0.6503467559814453,-0.03261870890855789,0.6856634616851807,0.6034427881240845,-0.04635406285524368,0.7055820822715759,0.5781251788139343,-0.05956540256738663,0.7320970296859741,0.526915431022644,-0.012501292861998081,0.7247076630592346,0.4478239119052887,-0.029039569199085236,0.7230224013328552,0.40053096413612366,-0.044176653027534485,0.7240703105926514,0.36002662777900696,-0.05539734661579132,0.762205183506012,0.5160986185073853,-0.016988977789878845,0.7541031241416931,0.4278084635734558,-0.02911156788468361,0.750660240650177,0.37571823596954346,-0.039073001593351364,0.7483327388763428,0.33144813776016235,-0.04653550311923027,0.7926953434944153,0.5196490287780762,-0.025031521916389465,0.7837888598442078,0.4360032081604004,-0.0353936105966568,0.7788175940513611,0.386272668838501,-0.04084184765815735,0.7750141620635986,0.3441812992095947,-0.04508626088500023,0.8241236805915833,0.5365628004074097,-0.03583397716283798,0.818182647228241,0.47112730145454407,-0.043900489807128906,0.8132939338684082,0.4289637506008148,-0.04584287852048874,0.8086116313934326,0.3903130292892456,-0.04730113968253136,B
0.0,0.0,0.0,0.0,0.0,0.0,0.0,0.0,0.0,0.0,0.0,0.0,0.0,0.0,0.0,0.0,0.0,0.0,0.0,0.0,0.0,0.0,0.0,0.0,0.0,0.0,0.0,0.0,0.0,0.0,0.0,0.0,0.0,0.0,0.0,0.0,0.0,0.0,0.0,0.0,0.0,0.0,0.0,0.0,0.0,0.0,0.0,0.0,0.0,0.0,0.0,0.0,0.0,0.0,0.0,0.0,0.0,0.0,0.0,0.0,0.0,0.0,0.0,0.8068161010742188,0.710649847984314,3.7819219755874656e-07,0.7527055740356445,0.6933393478393555,-0.01712644100189209,0.7077680826187134,0.6523827910423279,-0.030019499361515045,0.6881351470947266,0.6061341166496277,-0.04292815178632736,0.706882894039154,0.5814965963363647,-0.05548304319381714,0.7330301403999329,0.5279321670532227,-0.012142674066126347,0.7255571484565735,0.4486321210861206,-0.02809113636612892,0.7244773507118225,0.40138915181159973,-0.04255998507142067,0.7261186838150024,0.36104005575180054,-0.053418342024087906,0.7633477449417114,0.517257809638977,-0.017434410750865936,0.7548315525054932,0.42862287163734436,-0.029386039823293686,0.7518043518066406,0.3765302300453186,-0.039048269391059875,0.7501406073570251,0.33273714780807495,-0.04638134315609932,0.7939592599868774,0.5208659172058105,-0.026115451008081436,0.7849994897842407,0.43670618534088135,-0.03648903965950012,0.7804872989654541,0.3868812024593353,-0.041884176433086395,0.7772526144981384,0.3451806902885437,-0.04619291052222252,0.8258247971534729,0.5374756455421448,-0.03740772232413292,0.8197321891784668,0.47161412239074707,-0.04569237306714058,0.814836323261261,0.42924410104751587,-0.04777597263455391,0.8100692629814148,0.39065760374069214,-0.049417994916439056,B
0.0,0.0,0.0,0.0,0.0,0.0,0.0,0.0,0.0,0.0,0.0,0.0,0.0,0.0,0.0,0.0,0.0,0.0,0.0,0.0,0.0,0.0,0.0,0.0,0.0,0.0,0.0,0.0,0.0,0.0,0.0,0.0,0.0,0.0,0.0,0.0,0.0,0.0,0.0,0.0,0.0,0.0,0.0,0.0,0.0,0.0,0.0,0.0,0.0,0.0,0.0,0.0,0.0,0.0,0.0,0.0,0.0,0.0,0.0,0.0,0.0,0.0,0.0,0.8060055375099182,0.71013343334198,3.757207309718069e-07,0.7515945434570312,0.6929183006286621,-0.016992127522826195,0.7069920301437378,0.6499506235122681,-0.029463838785886765,0.6871174573898315,0.603268563747406,-0.04197722300887108,0.7061771154403687,0.5802058577537537,-0.05416395142674446,0.7336148023605347,0.5265715718269348,-0.010897371917963028,0.7264533638954163,0.4482259452342987,-0.026319755241274834,0.7250925898551941,0.4013991951942444,-0.0405973345041275,0.7266116142272949,0.36131972074508667,-0.05148593708872795,0.763691782951355,0.5164523720741272,-0.016176190227270126,0.7552226781845093,0.42845726013183594,-0.027960151433944702,0.7519570589065552,0.37631160020828247,-0.03787398338317871,0.7498469352722168,0.3320690393447876,-0.04542296752333641,0.7940328121185303,0.5208292007446289,-0.02487465925514698,0.7854740023612976,0.4378207325935364,-0.03537258505821228,0.7809764742851257,0.38772502541542053,-0.041403114795684814,0.7774505019187927,0.3451022803783417,-0.046166252344846725,0.8255543112754822,0.5384207367897034,-0.036149248480796814,0.8203233480453491,0.47303110361099243,-0.044684864580631256,0.8158489465713501,0.43043673038482666,-0.04734767600893974,0.8113181591033936,0.3911137580871582,-0.04947954788804054,B
0.0,0.0,0.0,0.0,0.0,0.0,0.0,0.0,0.0,0.0,0.0,0.0,0.0,0.0,0.0,0.0,0.0,0.0,0.0,0.0,0.0,0.0,0.0,0.0,0.0,0.0,0.0,0.0,0.0,0.0,0.0,0.0,0.0,0.0,0.0,0.0,0.0,0.0,0.0,0.0,0.0,0.0,0.0,0.0,0.0,0.0,0.0,0.0,0.0,0.0,0.0,0.0,0.0,0.0,0.0,0.0,0.0,0.0,0.0,0.0,0.0,0.0,0.0,0.805697500705719,0.7091490030288696,3.915437218893203e-07,0.7510683536529541,0.6926470994949341,-0.018763089552521706,0.7067573070526123,0.650536298751831,-0.03311615809798241,0.6863129138946533,0.6032081246376038,-0.04728202894330025,0.7057383060455322,0.5798444151878357,-0.0610341802239418,0.7330611348152161,0.5262191891670227,-0.013535287231206894,0.7258679270744324,0.4475747346878052,-0.030444670468568802,0.724247932434082,0.4007447361946106,-0.045687247067689896,0.7257083654403687,0.36029988527297974,-0.05717922002077103,0.7633495330810547,0.5162206292152405,-0.01850225403904915,0.7542011737823486,0.4276929795742035,-0.03149672970175743,0.7505747675895691,0.3752134442329407,-0.04215802997350693,0.7481319904327393,0.33011192083358765,-0.0501650795340538,0.7938610911369324,0.520852267742157,-0.026972999796271324,0.7845848798751831,0.4375877380371094,-0.03852388262748718,0.7801967859268188,0.3874800503253937,-0.04488575831055641,0.7767108678817749,0.3445085287094116,-0.0497329942882061,0.8256006836891174,0.5385820269584656,-0.03811834752559662,0.8195679187774658,0.472904771566391,-0.047454994171857834,0.8151245713233948,0.4302404522895813,-0.0503779873251915,0.8106087446212769,0.39061325788497925,-0.05258927494287491,B
0.0,0.0,0.0,0.0,0.0,0.0,0.0,0.0,0.0,0.0,0.0,0.0,0.0,0.0,0.0,0.0,0.0,0.0,0.0,0.0,0.0,0.0,0.0,0.0,0.0,0.0,0.0,0.0,0.0,0.0,0.0,0.0,0.0,0.0,0.0,0.0,0.0,0.0,0.0,0.0,0.0,0.0,0.0,0.0,0.0,0.0,0.0,0.0,0.0,0.0,0.0,0.0,0.0,0.0,0.0,0.0,0.0,0.0,0.0,0.0,0.0,0.0,0.0,0.8076051473617554,0.7096695899963379,3.8804452628937725e-07,0.752968430519104,0.6927917003631592,-0.018432164564728737,0.708076536655426,0.6510423421859741,-0.03237791731953621,0.6873719692230225,0.6045831441879272,-0.046100396662950516,0.7060777544975281,0.5813480019569397,-0.05936625972390175,0.7326580882072449,0.5262376070022583,-0.013582684099674225,0.7263674736022949,0.44643455743789673,-0.029929939657449722,0.7253194451332092,0.39947783946990967,-0.04463756084442139,0.7267748117446899,0.35936158895492554,-0.05578019842505455,0.7633534073829651,0.5163421034812927,-0.01846734993159771,0.7550545930862427,0.4281899929046631,-0.030993003398180008,0.7521462440490723,0.37616151571273804,-0.041146136820316315,0.7502790689468384,0.3318183422088623,-0.048827070742845535,0.7943623065948486,0.5210387706756592,-0.026795273646712303,0.7854354381561279,0.43717753887176514,-0.03780592978000641,0.7810468077659607,0.387393981218338,-0.04376291111111641,0.777534008026123,0.34468692541122437,-0.04839929938316345,0.8267113566398621,0.5387557744979858,-0.03776869177818298,0.820350706577301,0.4728197753429413,-0.046933725476264954,0.8153223395347595,0.42990681529045105,-0.049676429480314255,0.8103489875793457,0.3900725841522217,-0.05169612914323807,B
0.0,0.0,0.0,0.0,0.0,0.0,0.0,0.0,0.0,0.0,0.0,0.0,0.0,0.0,0.0,0.0,0.0,0.0,0.0,0.0,0.0,0.0,0.0,0.0,0.0,0.0,0.0,0.0,0.0,0.0,0.0,0.0,0.0,0.0,0.0,0.0,0.0,0.0,0.0,0.0,0.0,0.0,0.0,0.0,0.0,0.0,0.0,0.0,0.0,0.0,0.0,0.0,0.0,0.0,0.0,0.0,0.0,0.0,0.0,0.0,0.0,0.0,0.0,0.8070039749145508,0.7104071378707886,3.8643815969408024e-07,0.7525705099105835,0.6927160620689392,-0.01766035333275795,0.708116352558136,0.6509455442428589,-0.031190235167741776,0.6880825757980347,0.6046121716499329,-0.044616129249334335,0.7064588069915771,0.5805750489234924,-0.0577269122004509,0.7336016297340393,0.5264424085617065,-0.01324828714132309,0.7262654304504395,0.44736605882644653,-0.0296939630061388,0.7252478003501892,0.4002942442893982,-0.044605325907468796,0.7270302176475525,0.3596695065498352,-0.05584511160850525,0.7641994953155518,0.5164274573326111,-0.018585145473480225,0.75566565990448,0.42793089151382446,-0.030896715819835663,0.7524735927581787,0.3757309317588806,-0.041038453578948975,0.7504084706306458,0.3311578929424286,-0.04879334568977356,0.7951167225837708,0.5210245251655579,-0.027279812842607498,0.7860753536224365,0.4365506172180176,-0.03805714100599289,0.7812991142272949,0.38640376925468445,-0.04386397451162338,0.7776098847389221,0.343693345785141,-0.0484992153942585,0.8272010684013367,0.5388707518577576,-0.038580771535634995,0.821045458316803,0.4728928506374359,-0.04741230234503746,0.8161728382110596,0.42992281913757324,-0.04990258440375328,0.8113076686859131,0.39020973443984985,-0.05183134600520134,B
0.0,0.0,0.0,0.0,0.0,0.0,0.0,0.0,0.0,0.0,0.0,0.0,0.0,0.0,0.0,0.0,0.0,0.0,0.0,0.0,0.0,0.0,0.0,0.0,0.0,0.0,0.0,0.0,0.0,0.0,0.0,0.0,0.0,0.0,0.0,0.0,0.0,0.0,0.0,0.0,0.0,0.0,0.0,0.0,0.0,0.0,0.0,0.0,0.0,0.0,0.0,0.0,0.0,0.0,0.0,0.0,0.0,0.0,0.0,0.0,0.0,0.0,0.0,0.807479977607727,0.7116336226463318,3.838021882529574e-07,0.7527794241905212,0.6943489909172058,-0.01712806522846222,0.7077353000640869,0.6511701345443726,-0.03019830398261547,0.6876859068870544,0.6033951044082642,-0.04333534464240074,0.7065815925598145,0.5817185640335083,-0.056258365511894226,0.7334586977958679,0.5266033411026001,-0.011921443976461887,0.7270186543464661,0.4479638934135437,-0.027643736451864243,0.7259207963943481,0.4010462760925293,-0.04217821732163429,0.7273303866386414,0.36044013500213623,-0.05340529605746269,0.7640069723129272,0.5165760517120361,-0.017670297995209694,0.7557016611099243,0.4282970130443573,-0.02967960759997368,0.752336859703064,0.37593644857406616,-0.039923045784235,0.7499372363090515,0.3309327960014343,-0.04784088581800461,0.7947036027908325,0.5215641856193542,-0.02677886001765728,0.7857604026794434,0.4374966025352478,-0.03757691755890846,0.7808434963226318,0.3870004415512085,-0.043936122208833694,0.7768537998199463,0.34350210428237915,-0.04904885217547417,0.8265585899353027,0.5399621725082397,-0.03842995688319206,0.8207834362983704,0.4739200472831726,-0.04746923968195915,0.8163578510284424,0.43049877882003784,-0.050451211631298065,0.81190025806427,0.39010950922966003,-0.052860915660858154,B
0.0,0.0,0.0,0.0,0.0,0.0,0.0,0.0,0.0,0.0,0.0,0.0,0.0,0.0,0.0,0.0,0.0,0.0,0.0,0.0,0.0,0.0,0.0,0.0,0.0,0.0,0.0,0.0,0.0,0.0,0.0,0.0,0.0,0.0,0.0,0.0,0.0,0.0,0.0,0.0,0.0,0.0,0.0,0.0,0.0,0.0,0.0,0.0,0.0,0.0,0.0,0.0,0.0,0.0,0.0,0.0,0.0,0.0,0.0,0.0,0.0,0.0,0.0,0.8094020485877991,0.7128605246543884,3.8083021536294837e-07,0.7537983059883118,0.6964231133460999,-0.01744771935045719,0.7075223922729492,0.652636706829071,-0.030422361567616463,0.6878633499145508,0.6044106483459473,-0.0432710163295269,0.7074165344238281,0.5829712152481079,-0.05580439046025276,0.7336642146110535,0.5284387469291687,-0.01268977951258421,0.7265885472297668,0.4483162760734558,-0.028209025040268898,0.7258252501487732,0.40135714411735535,-0.04237598553299904,0.7275746464729309,0.361420214176178,-0.05325616896152496,0.7646523714065552,0.5182350277900696,-0.018020622432231903,0.7560220956802368,0.4291260242462158,-0.02996380813419819,0.7528653740882874,0.37673240900039673,-0.039888061583042145,0.751059889793396,0.33244824409484863,-0.04747486487030983,0.7955596446990967,0.5229370594024658,-0.02668057009577751,0.7866156697273254,0.4380923807621002,-0.03726934641599655,0.7819597721099854,0.38775885105133057,-0.04340360686182976,0.7785018682479858,0.3449290990829468,-0.04830247163772583,0.827532172203064,0.5409213900566101,-0.03789210319519043,0.8215312957763672,0.474597692489624,-0.04669559746980667,0.8165023326873779,0.43151968717575073,-0.049519509077072144,0.8116552233695984,0.39170098304748535,-0.051764294505119324,B
0.0,0.0,0.0,0.0,0.0,0.0,0.0,0.0,0.0,0.0,0.0,0.0,0.0,0.0,0.0,0.0,0.0,0.0,0.0,0.0,0.0,0.0,0.0,0.0,0.0,0.0,0.0,0.0,0.0,0.0,0.0,0.0,0.0,0.0,0.0,0.0,0.0,0.0,0.0,0.0,0.0,0.0,0.0,0.0,0.0,0.0,0.0,0.0,0.0,0.0,0.0,0.0,0.0,0.0,0.0,0.0,0.0,0.0,0.0,0.0,0.0,0.0,0.0,0.8117237687110901,0.7157377600669861,3.9816134744796727e-07,0.755777895450592,0.6964367628097534,-0.016921140253543854,0.7101504802703857,0.6521791219711304,-0.030349181964993477,0.6912364959716797,0.6045423746109009,-0.04384653642773628,0.7110220789909363,0.5863401889801025,-0.057216353714466095,0.7358025312423706,0.5299635529518127,-0.012661980465054512,0.7301726341247559,0.4495372772216797,-0.02809370495378971,0.7299197316169739,0.40207812190055847,-0.04234165698289871,0.7317745685577393,0.3614614009857178,-0.05328912287950516,0.7671781778335571,0.5198282599449158,-0.018346840515732765,0.7604871392250061,0.43057528138160706,-0.029914474114775658,0.7581934332847595,0.3785160183906555,-0.039440590888261795,0.7569961547851562,0.33506715297698975,-0.046866245567798615,0.7985475659370422,0.5247238874435425,-0.027243494987487793,0.791126549243927,0.4395884871482849,-0.03698289021849632,0.7868669629096985,0.39016014337539673,-0.04231366515159607,0.7835823893547058,0.3490457236766815,-0.04681071266531944,0.8310852646827698,0.5428313612937927,-0.03871089220046997,0.826237142086029,0.47572681307792664,-0.04633783549070358,0.8217952251434326,0.43222397565841675,-0.048223648220300674,0.8170578479766846,0.392886221408844,-0.04995230585336685,B
0.0,0.0,0.0,0.0,0.0,0.0,0.0,0.0,0.0,0.0,0.0,0.0,0.0,0.0,0.0,0.0,0.0,0.0,0.0,0.0,0.0,0.0,0.0,0.0,0.0,0.0,0.0,0.0,0.0,0.0,0.0,0.0,0.0,0.0,0.0,0.0,0.0,0.0,0.0,0.0,0.0,0.0,0.0,0.0,0.0,0.0,0.0,0.0,0.0,0.0,0.0,0.0,0.0,0.0,0.0,0.0,0.0,0.0,0.0,0.0,0.0,0.0,0.0,0.8116863965988159,0.7156658172607422,3.9049220390552364e-07,0.7569864988327026,0.6995018720626831,-0.018078092485666275,0.7110967040061951,0.6577121019363403,-0.03157173842191696,0.6909317374229431,0.6074780225753784,-0.044936686754226685,0.7123275995254517,0.5856294631958008,-0.0580100491642952,0.7372989058494568,0.5307711362838745,-0.01269375067204237,0.7303228974342346,0.45123523473739624,-0.028781766071915627,0.729470431804657,0.40394577383995056,-0.043753840029239655,0.7313717007637024,0.36302465200424194,-0.055310409516096115,0.7682403922080994,0.5206862092018127,-0.017944904044270515,0.7600110769271851,0.43182146549224854,-0.030166342854499817,0.7569900751113892,0.3791990280151367,-0.040488775819540024,0.7550739049911499,0.334250271320343,-0.04847279191017151,0.7993549108505249,0.5261115431785583,-0.02664000540971756,0.7913144826889038,0.4418371021747589,-0.03752875328063965,0.7869666218757629,0.3918808400630951,-0.04366793483495712,0.7834252715110779,0.34919482469558716,-0.048592787235975266,0.8320745229721069,0.5450599193572998,-0.03801024332642555,0.8271732926368713,0.4789544939994812,-0.04721534624695778,0.8230059742927551,0.435785174369812,-0.05019949749112129,0.8187441825866699,0.39550691843032837,-0.05251184105873108,B
0.0,0.0,0.0,0.0,0.0,0.0,0.0,0.0,0.0,0.0,0.0,0.0,0.0,0.0,0.0,0.0,0.0,0.0,0.0,0.0,0.0,0.0,0.0,0.0,0.0,0.0,0.0,0.0,0.0,0.0,0.0,0.0,0.0,0.0,0.0,0.0,0.0,0.0,0.0,0.0,0.0,0.0,0.0,0.0,0.0,0.0,0.0,0.0,0.0,0.0,0.0,0.0,0.0,0.0,0.0,0.0,0.0,0.0,0.0,0.0,0.0,0.0,0.0,0.8125900626182556,0.7179732322692871,4.042285866034945e-07,0.7569318413734436,0.7016346454620361,-0.01845274120569229,0.7103339433670044,0.6562418341636658,-0.032086145132780075,0.6902409195899963,0.6042826771736145,-0.045468322932720184,0.7130228877067566,0.5868875980377197,-0.0584990419447422,0.7372647523880005,0.5305480360984802,-0.01255710981786251,0.7304795980453491,0.4504922330379486,-0.028075560927391052,0.7299087643623352,0.4033353924751282,-0.04266566410660744,0.7320273518562317,0.36307549476623535,-0.05398798733949661,0.7681224346160889,0.5202056765556335,-0.017565224319696426,0.7601757645606995,0.430462509393692,-0.029151450842618942,0.7572394609451294,0.3775520622730255,-0.03893860802054405,0.7553305625915527,0.3332456946372986,-0.04646746441721916,0.7989674210548401,0.5254058241844177,-0.026015570387244225,0.7911005616188049,0.439888060092926,-0.03616073727607727,0.7867811918258667,0.38964980840682983,-0.04205981269478798,0.7832164764404297,0.3473532795906067,-0.04680124670267105,0.8308306932449341,0.5443110466003418,-0.03718484193086624,0.8255356550216675,0.4773702323436737,-0.045534398406744,0.8215399980545044,0.4333548843860626,-0.04816742613911629,0.817755937576294,0.3928096890449524,-0.05031251907348633,B
0.0,0.0,0.0,0.0,0.0,0.0,0.0,0.0,0.0,0.0,0.0,0.0,0.0,0.0,0.0,0.0,0.0,0.0,0.0,0.0,0.0,0.0,0.0,0.0,0.0,0.0,0.0,0.0,0.0,0.0,0.0,0.0,0.0,0.0,0.0,0.0,0.0,0.0,0.0,0.0,0.0,0.0,0.0,0.0,0.0,0.0,0.0,0.0,0.0,0.0,0.0,0.0,0.0,0.0,0.0,0.0,0.0,0.0,0.0,0.0,0.0,0.0,0.0,0.8111392855644226,0.7164802551269531,3.9561228959428263e-07,0.7556874752044678,0.6980177164077759,-0.017784221097826958,0.7106720805168152,0.6543518304824829,-0.031168730929493904,0.6923014521598816,0.6064159870147705,-0.044547516852617264,0.7121074795722961,0.5848896503448486,-0.05771411955356598,0.7370254397392273,0.5303433537483215,-0.01245406735688448,0.730345606803894,0.45062124729156494,-0.028474291786551476,0.7297176122665405,0.40332552790641785,-0.043200649321079254,0.7317313551902771,0.363064169883728,-0.05440226197242737,0.767975389957428,0.5207343101501465,-0.01786612719297409,0.7604425549507141,0.43123823404312134,-0.030050165951251984,0.7575371265411377,0.3786391019821167,-0.04030424728989601,0.7559503316879272,0.3343806266784668,-0.048149872571229935,0.7988842725753784,0.5261224508285522,-0.026701102033257484,0.7914113402366638,0.44080185890197754,-0.037381622940301895,0.7871524691581726,0.3908233046531677,-0.04334124177694321,0.783841073513031,0.3484194278717041,-0.04814871773123741,0.8308659791946411,0.5448340177536011,-0.03818093240261078,0.8263874053955078,0.47872394323349,-0.046892762184143066,0.8223293423652649,0.4349004626274109,-0.04940883070230484,0.8181358575820923,0.39419519901275635,-0.051459070295095444,B
0.0,0.0,0.0,0.0,0.0,0.0,0.0,0.0,0.0,0.0,0.0,0.0,0.0,0.0,0.0,0.0,0.0,0.0,0.0,0.0,0.0,0.0,0.0,0.0,0.0,0.0,0.0,0.0,0.0,0.0,0.0,0.0,0.0,0.0,0.0,0.0,0.0,0.0,0.0,0.0,0.0,0.0,0.0,0.0,0.0,0.0,0.0,0.0,0.0,0.0,0.0,0.0,0.0,0.0,0.0,0.0,0.0,0.0,0.0,0.0,0.0,0.0,0.0,0.8128753304481506,0.7165980935096741,3.997413955403317e-07,0.756251871585846,0.7002741694450378,-0.01910310797393322,0.7096793055534363,0.655131459236145,-0.03299368917942047,0.6897878050804138,0.603221595287323,-0.04658474773168564,0.7128478288650513,0.5862995386123657,-0.05986030772328377,0.7380223274230957,0.5316060781478882,-0.01307988353073597,0.7304322719573975,0.45142263174057007,-0.029141001403331757,0.7294015884399414,0.40398117899894714,-0.043883733451366425,0.7314008474349976,0.3635919690132141,-0.05528748035430908,0.7692610621452332,0.5210974216461182,-0.017826464027166367,0.7604618072509766,0.43177416920661926,-0.030101165175437927,0.7574015855789185,0.378850519657135,-0.040167443454265594,0.7556664943695068,0.3341134786605835,-0.047835588455200195,0.8002645373344421,0.526087760925293,-0.02611481584608555,0.791598916053772,0.44129693508148193,-0.03707663714885712,0.7875334620475769,0.391302227973938,-0.0431949682533741,0.7844992876052856,0.34885889291763306,-0.04795730486512184,0.832484781742096,0.5445724725723267,-0.037157412618398666,0.8269907236099243,0.4785224497318268,-0.046079374849796295,0.8230427503585815,0.4350604712963104,-0.04893704131245613,0.8193146586418152,0.394509494304657,-0.05122145265340805,B
0.0,0.0,0.0,0.0,0.0,0.0,0.0,0.0,0.0,0.0,0.0,0.0,0.0,0.0,0.0,0.0,0.0,0.0,0.0,0.0,0.0,0.0,0.0,0.0,0.0,0.0,0.0,0.0,0.0,0.0,0.0,0.0,0.0,0.0,0.0,0.0,0.0,0.0,0.0,0.0,0.0,0.0,0.0,0.0,0.0,0.0,0.0,0.0,0.0,0.0,0.0,0.0,0.0,0.0,0.0,0.0,0.0,0.0,0.0,0.0,0.0,0.0,0.0,0.8114008903503418,0.718047022819519,3.9183299804790295e-07,0.7567958831787109,0.701077938079834,-0.01805155910551548,0.710974395275116,0.6575718522071838,-0.0318315252661705,0.6907352209091187,0.6068328022956848,-0.04553427919745445,0.7125268578529358,0.5842122435569763,-0.058956656605005264,0.7385561466217041,0.531964898109436,-0.012804202735424042,0.731112539768219,0.4519040882587433,-0.029005292803049088,0.7297581434249878,0.4044543504714966,-0.04400825500488281,0.7312527298927307,0.36334115266799927,-0.05552959814667702,0.7695815563201904,0.5216521620750427,-0.0181465782225132,0.7613480687141418,0.43185365200042725,-0.03031422756612301,0.7579473257064819,0.3787122368812561,-0.04052463918924332,0.7557438611984253,0.33398404717445374,-0.04844837635755539,0.8005473017692566,0.5267378091812134,-0.02692972682416439,0.792384147644043,0.4416213929653168,-0.037559472024440765,0.7878795266151428,0.39126643538475037,-0.04359031468629837,0.7842199206352234,0.34889906644821167,-0.04851166531443596,0.8325694799423218,0.5452020168304443,-0.038402047008275986,0.8277387022972107,0.4782295227050781,-0.04727766290307045,0.8237462639808655,0.4342052936553955,-0.050236817449331284,0.8196470737457275,0.39362356066703796,-0.05263132601976395,B
0.0,0.0,0.0,0.0,0.0,0.0,0.0,0.0,0.0,0.0,0.0,0.0,0.0,0.0,0.0,0.0,0.0,0.0,0.0,0.0,0.0,0.0,0.0,0.0,0.0,0.0,0.0,0.0,0.0,0.0,0.0,0.0,0.0,0.0,0.0,0.0,0.0,0.0,0.0,0.0,0.0,0.0,0.0,0.0,0.0,0.0,0.0,0.0,0.0,0.0,0.0,0.0,0.0,0.0,0.0,0.0,0.0,0.0,0.0,0.0,0.0,0.0,0.0,0.8135032057762146,0.7187877297401428,3.94190976749087e-07,0.7579599618911743,0.7011071443557739,-0.017902741208672523,0.7110046744346619,0.6564010381698608,-0.03127168118953705,0.6923277378082275,0.6054483652114868,-0.04451067000627518,0.7140121459960938,0.5868716835975647,-0.05754360929131508,0.7384093999862671,0.5324210524559021,-0.013363244943320751,0.7317324876785278,0.45155271887779236,-0.029114069417119026,0.7310388684272766,0.40407055616378784,-0.043556250631809235,0.7327044606208801,0.36331772804260254,-0.05481409654021263,0.7696335315704346,0.5225234627723694,-0.018778210505843163,0.7612999677658081,0.4320735037326813,-0.03106430359184742,0.7582863569259644,0.37875548005104065,-0.04114401713013649,0.7562921047210693,0.3338518440723419,-0.04887919872999191,0.8008223176002502,0.5280395150184631,-0.027518380433321,0.7922682166099548,0.4421004354953766,-0.03853358328342438,0.7883095741271973,0.39159223437309265,-0.044809434562921524,0.7851765155792236,0.3491276204586029,-0.04975517839193344,0.8334935307502747,0.546831488609314,-0.03885737061500549,0.8280839323997498,0.4796293377876282,-0.04813123866915703,0.8239119648933411,0.43545058369636536,-0.0512181892991066,0.8196510076522827,0.39474183320999146,-0.0536421500146389,B
0.0,0.0,0.0,0.0,0.0,0.0,0.0,0.0,0.0,0.0,0.0,0.0,0.0,0.0,0.0,0.0,0.0,0.0,0.0,0.0,0.0,0.0,0.0,0.0,0.0,0.0,0.0,0.0,0.0,0.0,0.0,0.0,0.0,0.0,0.0,0.0,0.0,0.0,0.0,0.0,0.0,0.0,0.0,0.0,0.0,0.0,0.0,0.0,0.0,0.0,0.0,0.0,0.0,0.0,0.0,0.0,0.0,0.0,0.0,0.0,0.0,0.0,0.0,0.8120263814926147,0.7167991995811462,3.9549740904476494e-07,0.7552457451820374,0.6999379396438599,-0.018413616344332695,0.7084469795227051,0.6540950536727905,-0.031679391860961914,0.6897982358932495,0.6020488142967224,-0.04474564641714096,0.7125945687294006,0.5866283774375916,-0.05776841938495636,0.738763689994812,0.531974732875824,-0.013135142624378204,0.7310317158699036,0.45140329003334045,-0.029025670140981674,0.7299925684928894,0.40358075499534607,-0.043637312948703766,0.7320871353149414,0.3629370927810669,-0.054999444633722305,0.769658088684082,0.5218182802200317,-0.018213732168078423,0.7605741620063782,0.4317387342453003,-0.030502203851938248,0.7574717402458191,0.37881675362586975,-0.04069589450955391,0.7556333541870117,0.3343380093574524,-0.04849420487880707,0.800584077835083,0.5267190933227539,-0.026701156049966812,0.7915831208229065,0.44147324562072754,-0.037753812968730927,0.7875186204910278,0.3913632333278656,-0.0441133975982666,0.7844412326812744,0.3491286635398865,-0.04902467504143715,0.8332231044769287,0.5447065234184265,-0.03785956650972366,0.8269590139389038,0.47800835967063904,-0.04681234806776047,0.8228405117988586,0.4347096383571625,-0.04967347905039787,0.819016695022583,0.39492374658584595,-0.05200347676873207,B
0.0,0.0,0.0,0.0,0.0,0.0,0.0,0.0,0.0,0.0,0.0,0.0,0.0,0.0,0.0,0.0,0.0,0.0,0.0,0.0,0.0,0.0,0.0,0.0,0.0,0.0,0.0,0.0,0.0,0.0,0.0,0.0,0.0,0.0,0.0,0.0,0.0,0.0,0.0,0.0,0.0,0.0,0.0,0.0,0.0,0.0,0.0,0.0,0.0,0.0,0.0,0.0,0.0,0.0,0.0,0.0,0.0,0.0,0.0,0.0,0.0,0.0,0.0,0.8104981780052185,0.7159357070922852,3.9675128959970607e-07,0.755599856376648,0.6994084715843201,-0.018575558438897133,0.709743320941925,0.6556252241134644,-0.03223200887441635,0.6913597583770752,0.6054632663726807,-0.045598458498716354,0.7128559350967407,0.585834264755249,-0.05882759764790535,0.7373200058937073,0.531203031539917,-0.014310992322862148,0.7304185032844543,0.4512602686882019,-0.030413853004574776,0.7294121384620667,0.4037131071090698,-0.04506166651844978,0.7309726476669312,0.36263561248779297,-0.056402623653411865,0.7684255242347717,0.5211755633354187,-0.01939375326037407,0.7601598501205444,0.43096381425857544,-0.03196254372596741,0.7571516036987305,0.3779381811618805,-0.042241983115673065,0.7551631331443787,0.3329088091850281,-0.05009479075670242,0.7994076013565063,0.5265297889709473,-0.027817362919449806,0.7909553050994873,0.4412497282028198,-0.03915752097964287,0.7869728207588196,0.390827476978302,-0.04560742899775505,0.7838026881217957,0.3479655981063843,-0.05062640830874443,0.8316231369972229,0.5452207326889038,-0.03886338323354721,0.8261653184890747,0.47838765382766724,-0.048328883945941925,0.8224740028381348,0.4345773160457611,-0.051471978425979614,0.818773090839386,0.39393678307533264,-0.05392451956868172,B
0.0,0.0,0.0,0.0,0.0,0.0,0.0,0.0,0.0,0.0,0.0,0.0,0.0,0.0,0.0,0.0,0.0,0.0,0.0,0.0,0.0,0.0,0.0,0.0,0.0,0.0,0.0,0.0,0.0,0.0,0.0,0.0,0.0,0.0,0.0,0.0,0.0,0.0,0.0,0.0,0.0,0.0,0.0,0.0,0.0,0.0,0.0,0.0,0.0,0.0,0.0,0.0,0.0,0.0,0.0,0.0,0.0,0.0,0.0,0.0,0.0,0.0,0.0,0.8127500414848328,0.7169792652130127,3.976181517373334e-07,0.7565014958381653,0.6998628973960876,-0.018992168828845024,0.710415780544281,0.6552336812019348,-0.0332670658826828,0.6914544701576233,0.6055683493614197,-0.047227516770362854,0.7119690179824829,0.5866339206695557,-0.06096217408776283,0.7377386093139648,0.5311835408210754,-0.01456426177173853,0.7306872010231018,0.4509412944316864,-0.030816130340099335,0.7295826077461243,0.403469979763031,-0.04557590186595917,0.7310328483581543,0.36293959617614746,-0.05693002790212631,0.7690632939338684,0.5211305618286133,-0.019614795222878456,0.7606210112571716,0.43152421712875366,-0.03217978775501251,0.7573220729827881,0.3787394165992737,-0.042609985917806625,0.7551754713058472,0.33417224884033203,-0.05056057497859001,0.8001400828361511,0.5264514088630676,-0.02804677188396454,0.7914919257164001,0.44131624698638916,-0.03923309966921806,0.787002444267273,0.3910147547721863,-0.04584942385554314,0.783463716506958,0.3484724164009094,-0.0510307140648365,0.8322832584381104,0.5448679327964783,-0.03913247957825661,0.8267117738723755,0.47797226905822754,-0.048354268074035645,0.8225204944610596,0.43412846326828003,-0.05146966502070427,0.8184511065483093,0.39346349239349365,-0.05392731353640556,B
0.0,0.0,0.0,0.0,0.0,0.0,0.0,0.0,0.0,0.0,0.0,0.0,0.0,0.0,0.0,0.0,0.0,0.0,0.0,0.0,0.0,0.0,0.0,0.0,0.0,0.0,0.0,0.0,0.0,0.0,0.0,0.0,0.0,0.0,0.0,0.0,0.0,0.0,0.0,0.0,0.0,0.0,0.0,0.0,0.0,0.0,0.0,0.0,0.0,0.0,0.0,0.0,0.0,0.0,0.0,0.0,0.0,0.0,0.0,0.0,0.0,0.0,0.0,0.812174916267395,0.7167159914970398,3.9612908153685567e-07,0.7569409012794495,0.7000065445899963,-0.017519747838377953,0.7109481692314148,0.6551094651222229,-0.030436204746365547,0.6922823190689087,0.6048573851585388,-0.04328038915991783,0.7134793400764465,0.5854799151420593,-0.055999211966991425,0.7379540205001831,0.5317928194999695,-0.01294703595340252,0.7305947542190552,0.45193836092948914,-0.028688661754131317,0.7296508550643921,0.40424978733062744,-0.04308358579874039,0.7315460443496704,0.3635348677635193,-0.0541442334651947,0.7691513895988464,0.5215953588485718,-0.01843327097594738,0.760887086391449,0.43147099018096924,-0.030365625396370888,0.7576462030410767,0.37828025221824646,-0.04041620343923569,0.7555562257766724,0.3335803747177124,-0.04812633991241455,0.8001939654350281,0.5266852378845215,-0.027199121192097664,0.7922035455703735,0.4408648610115051,-0.03780577704310417,0.7879377603530884,0.3903137445449829,-0.043958745896816254,0.7844905257225037,0.34785956144332886,-0.048884958028793335,0.8321574330329895,0.5453963279724121,-0.03854060918092728,0.8275595307350159,0.4789543151855469,-0.047245949506759644,0.8239193558692932,0.43499326705932617,-0.04996385797858238,0.8203221559524536,0.39461609721183777,-0.05219690874218941,B
0.0,0.0,0.0,0.0,0.0,0.0,0.0,0.0,0.0,0.0,0.0,0.0,0.0,0.0,0.0,0.0,0.0,0.0,0.0,0.0,0.0,0.0,0.0,0.0,0.0,0.0,0.0,0.0,0.0,0.0,0.0,0.0,0.0,0.0,0.0,0.0,0.0,0.0,0.0,0.0,0.0,0.0,0.0,0.0,0.0,0.0,0.0,0.0,0.0,0.0,0.0,0.0,0.0,0.0,0.0,0.0,0.0,0.0,0.0,0.0,0.0,0.0,0.0,0.811960756778717,0.7160357236862183,4.067117060913006e-07,0.755465030670166,0.6994457244873047,-0.01954949088394642,0.7099298238754272,0.656781017780304,-0.0339176282286644,0.6909112930297852,0.6059145927429199,-0.04791508987545967,0.712589681148529,0.5863701105117798,-0.06154504418373108,0.7381898760795593,0.5318824052810669,-0.013813487254083157,0.7307066917419434,0.4517224431037903,-0.030255630612373352,0.7298450469970703,0.4042964577674866,-0.045289427042007446,0.731927752494812,0.3634740114212036,-0.05683717504143715,0.7691069841384888,0.5213592052459717,-0.018529027700424194,0.7601259350776672,0.4312802255153656,-0.031184161081910133,0.7569262981414795,0.3783888816833496,-0.041630107909440994,0.7550156116485596,0.3334624171257019,-0.04957247152924538,0.7999169826507568,0.5261499285697937,-0.02680349349975586,0.7911978960037231,0.44045382738113403,-0.03818782418966293,0.7871167659759521,0.39013391733169556,-0.04448551684617996,0.7840026021003723,0.3474976420402527,-0.04932476580142975,0.8322338461875916,0.5442530512809753,-0.03784126788377762,0.8270089030265808,0.47757261991500854,-0.04714646190404892,0.8232301473617554,0.4339609444141388,-0.050082165747880936,0.8195549845695496,0.39339712262153625,-0.05233440175652504,B
0.0,0.0,0.0,0.0,0.0,0.0,0.0,0.0,0.0,0.0,0.0,0.0,0.0,0.0,0.0,0.0,0.0,0.0,0.0,0.0,0.0,0.0,0.0,0.0,0.0,0.0,0.0,0.0,0.0,0.0,0.0,0.0,0.0,0.0,0.0,0.0,0.0,0.0,0.0,0.0,0.0,0.0,0.0,0.0,0.0,0.0,0.0,0.0,0.0,0.0,0.0,0.0,0.0,0.0,0.0,0.0,0.0,0.0,0.0,0.0,0.0,0.0,0.0,0.8107499480247498,0.7169334292411804,3.9518809558103385e-07,0.7556789517402649,0.7007269263267517,-0.018741659820079803,0.7102451324462891,0.6565546989440918,-0.03277422487735748,0.6909292936325073,0.6058375239372253,-0.046507611870765686,0.712610125541687,0.5873066782951355,-0.06001655012369156,0.7370532155036926,0.5326358675956726,-0.014525105245411396,0.7297293543815613,0.4520326256752014,-0.030975865200161934,0.7286443710327148,0.4041941165924072,-0.04576793685555458,0.730495274066925,0.36332666873931885,-0.05715332180261612,0.7681594491004944,0.5224571824073792,-0.01968887820839882,0.7591522336006165,0.43255871534347534,-0.032526399940252304,0.7558727264404297,0.3793266713619232,-0.04290124028921127,0.7537491917610168,0.3342268466949463,-0.05076181888580322,0.7993508577346802,0.5275143980979919,-0.028216879814863205,0.7902325391769409,0.44237440824508667,-0.039764903485774994,0.7858901023864746,0.39156007766723633,-0.046231161803007126,0.7825531363487244,0.34848958253860474,-0.051226019859313965,0.831816554069519,0.5458300709724426,-0.03939027711749077,0.8261505365371704,0.47908294200897217,-0.04896010458469391,0.8221268653869629,0.4351872503757477,-0.052151814103126526,0.8180780410766602,0.3945353627204895,-0.0546177513897419,B
0.0,0.0,0.0,0.0,0.0,0.0,0.0,0.0,0.0,0.0,0.0,0.0,0.0,0.0,0.0,0.0,0.0,0.0,0.0,0.0,0.0,0.0,0.0,0.0,0.0,0.0,0.0,0.0,0.0,0.0,0.0,0.0,0.0,0.0,0.0,0.0,0.0,0.0,0.0,0.0,0.0,0.0,0.0,0.0,0.0,0.0,0.0,0.0,0.0,0.0,0.0,0.0,0.0,0.0,0.0,0.0,0.0,0.0,0.0,0.0,0.0,0.0,0.0,0.8102200031280518,0.7165639996528625,3.940758972476033e-07,0.7550640106201172,0.7001295685768127,-0.018343746662139893,0.709470808506012,0.6559587717056274,-0.03197913244366646,0.6909385323524475,0.6050041913986206,-0.04540211707353592,0.7129924893379211,0.5841683149337769,-0.0586283840239048,0.7372972965240479,0.5324916243553162,-0.014047552831470966,0.7303459048271179,0.45248717069625854,-0.030358467251062393,0.7294173836708069,0.4047706127166748,-0.04518420621752739,0.7312464714050293,0.3635832667350769,-0.056554317474365234,0.7683838605880737,0.5224133133888245,-0.01929989643394947,0.760275661945343,0.43234699964523315,-0.03181120380759239,0.7570335865020752,0.3791285753250122,-0.042122069746255875,0.7547984719276428,0.3339788317680359,-0.05001777410507202,0.7992198467254639,0.5276408195495605,-0.02788184955716133,0.7912330031394958,0.4423399269580841,-0.039058759808540344,0.7869111895561218,0.3918735384941101,-0.045337412506341934,0.7833394408226013,0.3493080139160156,-0.05027219280600548,0.8311718702316284,0.5462355017662048,-0.03909379243850708,0.826319694519043,0.47942817211151123,-0.048372652381658554,0.8224021196365356,0.4354892075061798,-0.05135124549269676,0.8183475136756897,0.3950347602367401,-0.0536995567381382,B
0.0,0.0,0.0,0.0,0.0,0.0,0.0,0.0,0.0,0.0,0.0,0.0,0.0,0.0,0.0,0.0,0.0,0.0,0.0,0.0,0.0,0.0,0.0,0.0,0.0,0.0,0.0,0.0,0.0,0.0,0.0,0.0,0.0,0.0,0.0,0.0,0.0,0.0,0.0,0.0,0.0,0.0,0.0,0.0,0.0,0.0,0.0,0.0,0.0,0.0,0.0,0.0,0.0,0.0,0.0,0.0,0.0,0.0,0.0,0.0,0.0,0.0,0.0,0.81057208776474,0.7176318168640137,3.970796171870461e-07,0.7562465667724609,0.7004457712173462,-0.01756543293595314,0.709754228591919,0.6554756760597229,-0.03086077980697155,0.6900449991226196,0.6070504188537598,-0.044004928320646286,0.7093322277069092,0.5899250507354736,-0.05702194198966026,0.7371007204055786,0.5316096544265747,-0.01376004796475172,0.7304454445838928,0.4517022967338562,-0.02957967482507229,0.7294507622718811,0.404579758644104,-0.04375101625919342,0.7312124967575073,0.3641146421432495,-0.05468495562672615,0.7681609392166138,0.522862434387207,-0.019211262464523315,0.7594654560089111,0.4330637454986572,-0.031860850751399994,0.7570070028305054,0.380329966545105,-0.04191512241959572,0.7557604312896729,0.33546993136405945,-0.04942065477371216,0.7994058728218079,0.5289321541786194,-0.027885954827070236,0.7907441854476929,0.44347041845321655,-0.03932600095868111,0.7875787615776062,0.3933544158935547,-0.045521028339862823,0.7851839065551758,0.3509427607059479,-0.05011104419827461,0.8319807648658752,0.547456681728363,-0.03903573006391525,0.8260343074798584,0.4799897372722626,-0.04814695194363594,0.822323739528656,0.43605300784111023,-0.05085847154259682,0.818780779838562,0.39537307620048523,-0.052947551012039185,B
0.0,0.0,0.0,0.0,0.0,0.0,0.0,0.0,0.0,0.0,0.0,0.0,0.0,0.0,0.0,0.0,0.0,0.0,0.0,0.0,0.0,0.0,0.0,0.0,0.0,0.0,0.0,0.0,0.0,0.0,0.0,0.0,0.0,0.0,0.0,0.0,0.0,0.0,0.0,0.0,0.0,0.0,0.0,0.0,0.0,0.0,0.0,0.0,0.0,0.0,0.0,0.0,0.0,0.0,0.0,0.0,0.0,0.0,0.0,0.0,0.0,0.0,0.0,0.8123575448989868,0.7188767194747925,3.944584250348271e-07,0.7578449845314026,0.701039731502533,-0.016814986243844032,0.7116584181785583,0.6561530828475952,-0.029508113861083984,0.692896842956543,0.6072690486907959,-0.04214944690465927,0.7139406800270081,0.5890973210334778,-0.05468529462814331,0.7372827529907227,0.5335689783096313,-0.013116976246237755,0.7308580875396729,0.45374125242233276,-0.02836127020418644,0.7302022576332092,0.40635690093040466,-0.042259544134140015,0.7318849563598633,0.36586257815361023,-0.052872590720653534,0.7691715955734253,0.5240732431411743,-0.01843831315636635,0.7616960406303406,0.4335731863975525,-0.03021034598350525,0.7590106129646301,0.38060706853866577,-0.039775922894477844,0.7573840022087097,0.33633923530578613,-0.04701099917292595,0.8011091351509094,0.5293320417404175,-0.026850895956158638,0.7934487462043762,0.4433766007423401,-0.03716011717915535,0.7894436717033386,0.3935132920742035,-0.04294712096452713,0.7861760258674622,0.35221558809280396,-0.047352612018585205,0.8339307308197021,0.5475627779960632,-0.0377068892121315,0.82938551902771,0.4791855216026306,-0.04574884846806526,0.8255856037139893,0.4348940849304199,-0.04792831465601921,0.8216944336891174,0.39484381675720215,-0.04965457692742348,B
0.9392217993736267,0.8652611374855042,-3.8653478640071626e-08,0.8728733062744141,0.8265281915664673,-0.015721222385764122,0.8118491172790527,0.7516724467277527,-0.027590062469244003,0.768534243106842,0.689680814743042,-0.03943256661295891,0.7369331121444702,0.6438573598861694,-0.051480695605278015,0.8474926352500916,0.6579475402832031,-0.01855597086250782,0.8149302005767822,0.5859376192092896,-0.04179534316062927,0.7876273393630981,0.551226019859314,-0.06036784127354622,0.7595624923706055,0.528964638710022,-0.07241108268499374,0.8917002081871033,0.6355632543563843,-0.024099351838231087,0.8642737865447998,0.556672215461731,-0.04382072016596794,0.8327879905700684,0.525998055934906,-0.05797018110752106,0.7986925840377808,0.5038683414459229,-0.06736129522323608,0.9366155862808228,0.6311212182044983,-0.03187518194317818,0.9153947234153748,0.5543564558029175,-0.0503782294690609,0.8839513063430786,0.5251288414001465,-0.05290941521525383,0.8497997522354126,0.5034002065658569,-0.053041402250528336,0.9803354740142822,0.6416093707084656,-0.04106954112648964,0.9727888107299805,0.5751467347145081,-0.05431188642978668,0.9575377106666565,0.5446926951408386,-0.05162514001131058,0.9386023879051208,0.5259660482406616,-0.047313936054706573,0.0,0.0,0.0,0.0,0.0,0.0,0.0,0.0,0.0,0.0,0.0,0.0,0.0,0.0,0.0,0.0,0.0,0.0,0.0,0.0,0.0,0.0,0.0,0.0,0.0,0.0,0.0,0.0,0.0,0.0,0.0,0.0,0.0,0.0,0.0,0.0,0.0,0.0,0.0,0.0,0.0,0.0,0.0,0.0,0.0,0.0,0.0,0.0,0.0,0.0,0.0,0.0,0.0,0.0,0.0,0.0,0.0,0.0,0.0,0.0,0.0,0.0,0.0,B
